{"cameraMode":{"drawMode":0,"name":"Shaded","section":"Shading Mode"},"sceneLighting":true,"audioPlay":false,"sceneViewState":{"m_AlwaysRefresh":false,"showFog":true,"showSkybox":true,"showFlares":true,"showImageEffects":true,"showParticleSystems":true,"showVisualEffectGraphs":true,"m_FxEnabled":true},"in2DMode":false,"pivot":{"x":3.4310386180877687,"y":1.7156803607940674,"z":-0.6551342010498047},"rotation":{"x":-0.13241858780384065,"y":0.12070684134960175,"z":-0.016247309744358064,"w":-0.9836883544921875},"size":6.181010723114014,"orthographic":false}