{"cameraMode":{"drawMode":0,"name":"Shaded","section":"Shading Mode"},"sceneLighting":true,"audioPlay":false,"sceneViewState":{"m_AlwaysRefresh":false,"showFog":true,"showSkybox":true,"showFlares":true,"showImageEffects":true,"showParticleSystems":true,"showVisualEffectGraphs":true,"m_FxEnabled":true},"in2DMode":false,"pivot":{"x":-1.3638463020324708,"y":1.0122860670089722,"z":-4.458845615386963},"rotation":{"x":-0.11886154115200043,"y":-0.09635709226131439,"z":0.011582021601498127,"w":-0.9881653785705566},"size":0.9106041789054871,"orthographic":false}